Name,Handle,TikTokLink,ProfilePicture,Following
Cheyenne Hunt,cheyennehuntca,https://www.tiktok.com/@cheyennehuntca,https://p16-common-sign.tiktokcdn-us.com/tos-useast5-avt-0068-tx/08410ae3ef1152b40300ac2e169f1f66~tplv-tiktokx-cropcenter:1080:1080.jpeg?dr=9640&refresh_token=5fa29af4&x-expires=1761933600&x-signature=4v4twRAsINVJppDRy33qL0nTACQ%3D&t=4d5b0474&ps=13740610&shp=a5d48078&shcp=81f88b70&idc=useast8,"203,000"
Jack Petocz,JackPetocz,https://www.tiktok.com/@JackPetocz,https://p16-common-sign.tiktokcdn-us.com/tos-useast5-avt-0068-tx/409d02d77f7c05ad955c264625116dea~tplv-tiktokx-cropcenter:1080:1080.jpeg?dr=9640&refresh_token=ddba7014&x-expires=1761933600&x-signature=kstZ%2FGRGu6ICLr2Oxw2vtFpUVqk%3D&t=4d5b0474&ps=13740610&shp=a5d48078&shcp=81f88b70&idc=useast8,35849
Sofia Ong'ele,sewpheeyuh,https://www.tiktok.com/@sewpheeyuh,https://p19-common-sign.tiktokcdn-us.com/tos-maliva-avt-0068/7320027968449183750~tplv-tiktokx-cropcenter:1080:1080.jpeg?dr=9640&refresh_token=68dc6283&x-expires=1761919200&x-signature=5QGbVbOLUytf1ZHkVxkUlcJWnoI%3D&t=4d5b0474&ps=13740610&shp=a5d48078&shcp=81f88b70&idc=useast8,344300
Mente,Lamenteopen,https://www.tiktok.com/@Lamenteopen,https://p16-common-sign.tiktokcdn-us.com/tos-useast5-avt-0068-tx/8269d4987ccf7eee3659e3cd32183dc5~tplv-tiktokx-cropcenter:1080:1080.jpeg?dr=9640&refresh_token=626e308f&x-expires=1761933600&x-signature=3f%2BNsBWpmw2YfRhl5kkAvwL2kPE%3D&t=4d5b0474&ps=13740610&shp=a5d48078&shcp=81f88b70&idc=useast8,40500
Hannah Reid,Hannah.is.over.this,https://www.tiktok.com/@Hannah.is.over.this,https://p16-common-sign.tiktokcdn-us.com/tos-maliva-avt-0068/25bcbb00482e6dc8d5102342551b42c9~tplv-tiktokx-cropcenter:1080:1080.jpeg?dr=9640&refresh_token=f86c2316&x-expires=1761933600&x-signature=FBPTTn8pFsUCXWQuazu5nyOvsrY%3D&t=4d5b0474&ps=13740610&shp=a5d48078&shcp=81f88b70&idc=useast8,135000
Victoria Hammett,victoriahammett,https://www.tiktok.com/@victoriahammett,https://p16-common-sign.tiktokcdn-us.com/tos-useast5-avt-0068-tx/a345e62db008eb20e708bf4546e2a2d0~tplv-tiktokx-cropcenter:1080:1080.jpeg?dr=9640&refresh_token=f69b5600&x-expires=1761933600&x-signature=oPplePVEY34fAm7TghJ%2BgfZocoY%3D&t=4d5b0474&ps=13740610&shp=a5d48078&shcp=81f88b70&idc=useast8,820000
Kamehalani Manco,Kamehalani,https://www.tiktok.com/@Kamehalani,https://p16-common-sign.tiktokcdn-us.com/tos-maliva-avt-0068/7321120919181787141~tplv-tiktokx-cropcenter:1080:1080.jpeg?dr=9640&refresh_token=33d08b11&x-expires=1761933600&x-signature=sBWFMg8%2BYj6K5pMPhHgs3bfjqHY%3D&t=4d5b0474&ps=13740610&shp=a5d48078&shcp=81f88b70&idc=useast8,342000
Yeganeh Mafaher,littleyeg,https://www.tiktok.com/@littleyeg,https://p16-common-sign.tiktokcdn-us.com/tos-useast5-avt-0068-tx/11b2da555cc1f05c4edbd4469b23cf5a~tplv-tiktokx-cropcenter:1080:1080.jpeg?dr=9640&refresh_token=8f20a040&x-expires=1761933600&x-signature=BgX9HhhUBlQOdUsWpBERw%2FwMclA%3D&t=4d5b0474&ps=13740610&shp=a5d48078&shcp=81f88b70&idc=useast8,340811
Ashley Daniels,ashleylunaandnovi,https://www.tiktok.com/@ashleylunaandnovi,https://p16-common-sign.tiktokcdn-us.com/tos-useast5-avt-0068-tx/a0a215c2220fb8855286ceb50ee62269~tplv-tiktokx-cropcenter:1080:1080.jpeg?dr=9640&refresh_token=f53d649a&x-expires=1761933600&x-signature=Ke3dUuVpl4Ivh7aDM%2FDLdnrUboo%3D&t=4d5b0474&ps=13740610&shp=a5d48078&shcp=81f88b70&idc=useast8,115139
Yakiem ,Imyakiem,https://www.tiktok.com/@Imyakiem,https://p16-common-sign.tiktokcdn-us.com/tos-useast8-avt-0068-tx2/7749b84f9e9f690c79ded4b540839a04~tplv-tiktokx-cropcenter:1080:1080.jpeg?dr=9640&refresh_token=3801a6d4&x-expires=1761933600&x-signature=82J%2FzFKAzt3Jr7nGeY5mxFPmTN8%3D&t=4d5b0474&ps=13740610&shp=a5d48078&shcp=81f88b70&idc=useast8,348724
Jonah Saesan,noduhjonah,https://www.tiktok.com/@noduhjonah,https://p16-common-sign.tiktokcdn-us.com/tos-useast5-avt-0068-tx/7349974327256547374~tplv-tiktokx-cropcenter:1080:1080.jpeg?dr=9640&refresh_token=824ac10c&x-expires=1761933600&x-signature=aLKRaS9AgQH0YJB9bgXfZknYGjs%3D&t=4d5b0474&ps=13740610&shp=a5d48078&shcp=81f88b70&idc=useast8,335100
Michael Tramuta,realmiketee,https://www.tiktok.com/@realmiketee,https://p16-common-sign.tiktokcdn-us.com/tos-useast5-avt-0068-tx/7c27c1bee412b7e640c5438de9fd1588~tplv-tiktokx-cropcenter:1080:1080.jpeg?dr=9640&refresh_token=9b1929d7&x-expires=1761933600&x-signature=mGhSVUmgqCt7j8w5px%2FntO2bqF0%3D&t=4d5b0474&ps=13740610&shp=a5d48078&shcp=81f88b70&idc=useast8,56000
Paul Nabil Matthis,paulnmatthis,https://www.tiktok.com/@paulnmatthis,https://p16-common-sign.tiktokcdn-us.com/tos-useast8-avt-0068-tx2/cfd61bbd47e5c05e5f06a3a74e086032~tplv-tiktokx-cropcenter:1080:1080.jpeg?dr=9640&refresh_token=cbef8fa6&x-expires=1761933600&x-signature=K3ELtss3DghfFLNjuBBleY3iyWY%3D&t=4d5b0474&ps=13740610&shp=a5d48078&shcp=81f88b70&idc=useast8,138921
Amanda Golka,swellentertainment,https://www.tiktok.com/@swellentertainment,https://p16-common-sign.tiktokcdn-us.com/tos-useast8-avt-0068-tx2/74af8909ef679a9e3de244fac3adb8e9~tplv-tiktokx-cropcenter:1080:1080.jpeg?dr=9640&refresh_token=24b2c52e&x-expires=1761933600&x-signature=NawGSclJ%2BQYme50tH0NEgcuHbGA%3D&t=4d5b0474&ps=13740610&shp=a5d48078&shcp=81f88b70&idc=useast8,59908
Gabby Mata,ellaequeue,https://www.tiktok.com/@ellaequeue,https://p16-common-sign.tiktokcdn-us.com/tos-maliva-avt-0068/edeae4a10649c26fe249130ef3f98bec~tplv-tiktokx-cropcenter:1080:1080.jpeg?dr=9640&refresh_token=92250c69&x-expires=1761933600&x-signature=g%2Fow4%2Fqu4iTlV56OhP%2B7ryIPnwM%3D&t=4d5b0474&ps=13740610&shp=a5d48078&shcp=81f88b70&idc=useast8,107000
Isaiah duPree,zaydupree,https://www.tiktok.com/@zaydupree,https://encrypted-tbn0.gstatic.com/images?q=tbn:ANd9GcT4jMeollvUqaLe9Os-7Ja9TZC9t3h-wGzcmTY90s-nonAqdQ,392501
Allie Bennett,alliehbennett,https://www.tiktok.com/@alliehbennett,https://p16-common-sign.tiktokcdn-us.com/tos-useast5-avt-0068-tx/c47bae7860519b6b267bb53dac2da79d~tplv-tiktokx-cropcenter:1080:1080.jpeg?dr=9640&refresh_token=e6482bae&x-expires=1761933600&x-signature=0CeTJ27zY7rAreJ4EOip7UVMgZU%3D&t=4d5b0474&ps=13740610&shp=a5d48078&shcp=81f88b70&idc=useast8,631500
Jasmine Lopez,jasglo,https://www.tiktok.com/@jasglo,https://p16-common-sign.tiktokcdn-us.com/tos-useast8-avt-0068-tx2/b51e699d52e9060cf6349e4fe43a28b8~tplv-tiktokx-cropcenter:1080:1080.jpeg?dr=9640&refresh_token=365fd03a&x-expires=1761933600&x-signature=uvWv7mIe8k5pPENP3Fvo28YW%2FxQ%3D&t=4d5b0474&ps=13740610&shp=a5d48078&shcp=81f88b70&idc=useast8,"28,200"
Parker Bivins,Parkerrylan,https://www.tiktok.com/@Parkerrylan,https://p16-common-sign.tiktokcdn-us.com/tos-useast5-avt-0068-tx/58c1f5c3bf8b4fa7ecd808c3caafda75~tplv-tiktokx-cropcenter:1080:1080.jpeg?dr=9640&refresh_token=b4aabdd4&x-expires=1761933600&x-signature=j%2FDEqQwvRMy7y6%2Fj%2B3jL8Sl9ses%3D&t=4d5b0474&ps=13740610&shp=a5d48078&shcp=81f88b70&idc=useast8,1200000
Allie Oâ€™Brien,allie_202_,https://www.tiktok.com/@allie_202_,https://p16-common-sign.tiktokcdn-us.com/tos-useast5-avt-0068-tx/c9bb47c74a79fef17e54266c36cf5f47~tplv-tiktokx-cropcenter:1080:1080.jpeg?dr=9640&refresh_token=16d26c2a&x-expires=1761933600&x-signature=iDr9mCQYKSgxHkg5G9oLtTHLqJQ%3D&t=4d5b0474&ps=13740610&shp=a5d48078&shcp=81f88b70&idc=useast8,682000
Jess Craven,jesscraven101,https://www.tiktok.com/@jesscraven101,,536500
Erin Hunziker,ehunzi ,https://www.tiktok.com/@ehunzi ,https://p16-common-sign.tiktokcdn-us.com/tos-useast5-avt-0068-tx/b5113354a267decb16f78b3fa3b16495~tplv-tiktokx-cropcenter:1080:1080.jpeg?dr=9640&refresh_token=ce9f103c&x-expires=1761933600&x-signature=2h1S30rANXElCoDN7IBXHOfaQLQ%3D&t=4d5b0474&ps=13740610&shp=a5d48078&shcp=81f88b70&idc=useast8,48724
Sabrina Ortiz,bbegbrina,https://www.tiktok.com/@bbegbrina,https://p19-common-sign.tiktokcdn-us.com/tos-useast8-avt-0068-tx2/dead9af236e86d4f520b5461e16d6180~tplv-tiktokx-cropcenter:1080:1080.jpeg?dr=9640&refresh_token=7657a32d&x-expires=1761933600&x-signature=PkH2QbbYN%2FgmMWcnQ1%2FwQ9CdmtE%3D&t=4d5b0474&ps=13740610&shp=a5d48078&shcp=81f88b70&idc=useast8,14248
Samuel Schedler,Samsched,https://www.tiktok.com/@Samsched,https://p16-common-sign.tiktokcdn-us.com/tos-useast5-avt-0068-tx/6a6cd38e8e155e9f928e883aff5dd39b~tplv-tiktokx-cropcenter:1080:1080.jpeg?dr=9640&refresh_token=7866f1a4&x-expires=1761933600&x-signature=MayFwvBbx0LsaX2UfaRhcsFHTQ4%3D&t=4d5b0474&ps=13740610&shp=a5d48078&shcp=81f88b70&idc=useast8,253953
Claire Simon,clairesimon13,https://www.tiktok.com/@clairesimon13,https://p16-common-sign.tiktokcdn-us.com/tos-useast5-avt-0068-tx/d6eb4b73aeb2303f899615b48e6e1b69~tplv-tiktokx-cropcenter:1080:1080.jpeg?dr=9640&refresh_token=f1aa2b4c&x-expires=1761933600&x-signature=SPmOxOkV7uCoCRVjJ2IZLK6CFGg%3D&t=4d5b0474&ps=13740610&shp=a5d48078&shcp=81f88b70&idc=useast8,6325
Erick Louis,theericklouis,https://www.tiktok.com/@theericklouis,https://p16-common-sign.tiktokcdn-us.com/tos-useast5-avt-0068-tx/7325142926705557550~tplv-tiktokx-cropcenter:1080:1080.jpeg?dr=9640&refresh_token=251fefdd&x-expires=1761933600&x-signature=%2Bt3OS5PpflTiM0G0GU45YIv03iw%3D&t=4d5b0474&ps=13740610&shp=a5d48078&shcp=81f88b70&idc=useast8,1100000
Sean Wiggs,SeanDaBlack,https://www.tiktok.com/@SeanDaBlack,https://p16-common-sign.tiktokcdn-us.com/tos-maliva-avt-0068/3b39db5a08f48dcd47ecf269eefdc609~tplv-tiktokx-cropcenter:1080:1080.jpeg?dr=9640&refresh_token=539a8da4&x-expires=1761933600&x-signature=AxKg18x%2BeRSTqsfQSJEpOQBH5cU%3D&t=4d5b0474&ps=13740610&shp=a5d48078&shcp=81f88b70&idc=useast8,87112
Will McCaffery,willzbackup,https://www.tiktok.com/@willzbackup,https://encrypted-tbn3.gstatic.com/images?q=tbn:ANd9GcRv7DOXaDrBQVtoUojn0HpsUNqKBYYruFWRWkF_zjqkQx1VTQ,173337
Alex Haraus,alex.haraus,https://www.tiktok.com/@alex.haraus,https://p16-common-sign.tiktokcdn-us.com/tos-useast5-avt-0068-tx/c92a469152cb98116c36df48aec586d8~tplv-tiktokx-cropcenter:1080:1080.jpeg?dr=9640&refresh_token=0c3fc6ed&x-expires=1761933600&x-signature=F74HwVvBw0oTTLc%2BAj6BZGEW0uY%3D&t=4d5b0474&ps=13740610&shp=a5d48078&shcp=81f88b70&idc=useast8,691000
Jeremy Muchemi,hellyeahjeremy,https://www.tiktok.com/@hellyeahjeremy,https://p16-common-sign.tiktokcdn-us.com/tos-useast5-avt-0068-tx/a6d0f9842ab2716f85cc64015884624f~tplv-tiktokx-cropcenter:1080:1080.jpeg?dr=9640&refresh_token=e5fcfac6&x-expires=1761933600&x-signature=Ae2aWP0DaXrWGu%2BbJCGgyXMTlRo%3D&t=4d5b0474&ps=13740610&shp=a5d48078&shcp=81f88b70&idc=useast8,48622
Abbie Richards,tofology,https://www.tiktok.com/@tofology,https://p16-common-sign.tiktokcdn-us.com/tos-maliva-avt-0068/d7e9c88808f7303f40511213e09eb5e5~tplv-tiktokx-cropcenter:1080:1080.jpeg?dr=9640&refresh_token=933c09f1&x-expires=1761933600&x-signature=aLZ612t%2B4XrccG20vqBmTDqsQvY%3D&t=4d5b0474&ps=13740610&shp=a5d48078&shcp=81f88b70&idc=useast8,523500
Elise Joshi,elisejoshi,https://www.tiktok.com/@elisejoshi,https://p19-common-sign.tiktokcdn-us.com/tos-useast8-avt-0068-tx2/e4718db6ea54bf0b85144d61468231bb~tplv-tiktokx-cropcenter:1080:1080.jpeg?dr=9640&refresh_token=fbceeb4e&x-expires=1761933600&x-signature=mdKGk3ZsHN1RZj8w5P8o150m0ic%3D&t=4d5b0474&ps=13740610&shp=a5d48078&shcp=81f88b70&idc=useast8,170000